id,AssetID,CalibrationSchedule,LastCalibrationDate,NextCalibrationDate,CalibrationPerformedBy,CalibrationRecords
CalibrationRecord1,A130,Quaterly,2023-09-01 10:35:28.551590,2023-11-01 10:35:28.551590,Jackie,Calibration records details...
CalibrationRecord2,A21,Quaterly,2023-08-17 10:35:28.551590,2023-10-17 10:35:28.551590,Jackie,Calibration records details...
CalibrationRecord3,A47,Quaterly,2024-04-15 10:35:28.551590,2024-06-15 10:35:28.551590,Jackie,Calibration records details...
CalibrationRecord4,A70,Quaterly,2023-09-12 10:35:28.551590,2023-11-12 10:35:28.551590,Smith,Calibration records details...
CalibrationRecord5,A97,Quaterly,2023-10-16 10:35:28.551590,2023-12-16 10:35:28.551590,Smith,Calibration records details...
CalibrationRecord6,A105,Quaterly,2023-06-09 10:35:28.551590,2023-08-09 10:35:28.551590,Smith,Calibration records details...
CalibrationRecord7,A124,Quaterly,2023-05-25 10:35:28.551590,2023-07-25 10:35:28.551590,Jackie,Calibration records details...
CalibrationRecord8,A11,Quaterly,2024-02-10 10:35:28.551590,2024-04-10 10:35:28.551590,Snow,Calibration records details...
CalibrationRecord9,A99,Quaterly,2023-06-08 10:35:28.551590,2023-08-08 10:35:28.551590,Snow,Calibration records details...
CalibrationRecord10,A66,Quaterly,2024-05-14 10:35:28.551590,2024-07-14 10:35:28.551590,Jackie,Calibration records details...
CalibrationRecord11,A79,Quaterly,2024-01-26 10:35:28.551590,2024-03-26 10:35:28.551590,Jackie,Calibration records details...
CalibrationRecord12,A75,Quaterly,2023-09-08 10:35:28.551590,2023-11-08 10:35:28.551590,Snow,Calibration records details...
CalibrationRecord13,A33,Quaterly,2024-02-14 10:35:28.551590,2024-04-14 10:35:28.551590,Smith,Calibration records details...
CalibrationRecord14,A74,Quaterly,2023-10-02 10:35:28.551590,2023-12-02 10:35:28.551590,Snow,Calibration records details...
CalibrationRecord15,A58,Quaterly,2024-04-11 10:35:28.551590,2024-06-11 10:35:28.551590,Smith,Calibration records details...
CalibrationRecord16,A100,Quaterly,2023-06-04 10:35:28.551590,2023-08-04 10:35:28.551590,Snow,Calibration records details...
CalibrationRecord17,A5,Quaterly,2024-03-19 10:35:28.551590,2024-05-19 10:35:28.551590,Snow,Calibration records details...
CalibrationRecord18,A69,Quaterly,2023-12-08 10:35:28.551590,2024-02-08 10:35:28.551590,Snow,Calibration records details...
CalibrationRecord19,A124,Quaterly,2023-05-24 10:35:28.551590,2023-07-24 10:35:28.551590,Smith,Calibration records details...
CalibrationRecord20,A76,Quaterly,2023-07-29 10:35:28.551590,2023-09-29 10:35:28.551590,Jackie,Calibration records details...
CalibrationRecord21,A75,Quaterly,2023-10-16 10:35:28.551590,2023-12-16 10:35:28.551590,Smith,Calibration records details...
CalibrationRecord22,A84,Quaterly,2023-07-04 10:35:28.551590,2023-09-04 10:35:28.551590,Snow,Calibration records details...
CalibrationRecord23,A103,Quaterly,2023-07-25 10:35:28.551590,2023-09-25 10:35:28.551590,Jackie,Calibration records details...
CalibrationRecord24,A53,Quaterly,2023-12-21 10:35:28.551590,2024-02-21 10:35:28.551590,Snow,Calibration records details...
CalibrationRecord25,A2,Quaterly,2023-10-08 10:35:28.551590,2023-12-08 10:35:28.551590,Smith,Calibration records details...
CalibrationRecord26,A40,Quaterly,2024-03-02 10:35:28.551590,2024-05-02 10:35:28.551590,Jackie,Calibration records details...
CalibrationRecord27,A45,Quaterly,2023-07-07 10:35:28.551590,2023-09-07 10:35:28.551590,Snow,Calibration records details...
CalibrationRecord28,A2,Quaterly,2024-04-30 10:35:28.551590,2024-06-30 10:35:28.551590,Snow,Calibration records details...
CalibrationRecord29,A76,Quaterly,2023-06-27 10:35:28.551590,2023-08-27 10:35:28.551590,Smith,Calibration records details...
CalibrationRecord30,A98,Quaterly,2024-02-03 10:35:28.551590,2024-04-03 10:35:28.551590,Snow,Calibration records details...
CalibrationRecord31,A30,Quaterly,2024-02-20 10:35:28.551590,2024-04-20 10:35:28.551590,Snow,Calibration records details...
CalibrationRecord32,A36,Quaterly,2023-10-26 10:35:28.551590,2023-12-26 10:35:28.551590,Smith,Calibration records details...
CalibrationRecord33,A95,Quaterly,2023-12-29 10:35:28.551590,2024-02-29 10:35:28.551590,Jackie,Calibration records details...
CalibrationRecord34,A3,Quaterly,2023-09-17 10:35:28.551590,2023-11-17 10:35:28.551590,Jackie,Calibration records details...
CalibrationRecord35,A51,Quaterly,2023-12-10 10:35:28.551590,2024-02-10 10:35:28.551590,Smith,Calibration records details...
CalibrationRecord36,A121,Quaterly,2023-07-28 10:35:28.551590,2023-09-28 10:35:28.551590,Smith,Calibration records details...
CalibrationRecord37,A22,Quaterly,2024-03-08 10:35:28.551590,2024-05-08 10:35:28.551590,Snow,Calibration records details...
CalibrationRecord38,A116,Quaterly,2023-11-14 10:35:28.551590,2024-01-14 10:35:28.551590,Snow,Calibration records details...
CalibrationRecord39,A17,Quaterly,2024-04-05 10:35:28.551590,2024-06-05 10:35:28.551590,Snow,Calibration records details...
CalibrationRecord40,A73,Quaterly,2023-06-17 10:35:28.551590,2023-08-17 10:35:28.551590,Snow,Calibration records details...
CalibrationRecord41,A93,Quaterly,2023-05-31 10:35:28.551590,2023-07-31 10:35:28.551590,Snow,Calibration records details...
CalibrationRecord42,A65,Quaterly,2024-03-07 10:35:28.551590,2024-05-07 10:35:28.551590,Smith,Calibration records details...
CalibrationRecord43,A89,Quaterly,2023-08-09 10:35:28.551590,2023-10-09 10:35:28.551590,Smith,Calibration records details...
CalibrationRecord44,A94,Quaterly,2024-05-07 10:35:28.551590,2024-07-07 10:35:28.551590,Smith,Calibration records details...
CalibrationRecord45,A107,Quaterly,2023-09-22 10:35:28.551590,2023-11-22 10:35:28.551590,Snow,Calibration records details...
CalibrationRecord46,A78,Quaterly,2023-08-14 10:35:28.551590,2023-10-14 10:35:28.551590,Snow,Calibration records details...
CalibrationRecord47,A17,Quaterly,2023-09-07 10:35:28.551590,2023-11-07 10:35:28.551590,Snow,Calibration records details...
CalibrationRecord48,A111,Quaterly,2023-06-08 10:35:28.551590,2023-08-08 10:35:28.551590,Jackie,Calibration records details...
CalibrationRecord49,A75,Quaterly,2024-01-15 10:35:28.551590,2024-03-15 10:35:28.551590,Snow,Calibration records details...
CalibrationRecord50,A75,Quaterly,2024-04-09 10:35:28.551590,2024-06-09 10:35:28.551590,Snow,Calibration records details...
CalibrationRecord51,A80,Quaterly,2024-05-15 10:35:28.551590,2024-07-15 10:35:28.551590,Jackie,Calibration records details...
CalibrationRecord52,A13,Quaterly,2023-07-05 10:35:28.551590,2023-09-05 10:35:28.551590,Snow,Calibration records details...
CalibrationRecord53,A21,Quaterly,2024-04-20 10:35:28.551590,2024-06-20 10:35:28.551590,Smith,Calibration records details...
CalibrationRecord54,A24,Quaterly,2023-10-11 10:35:28.551590,2023-12-11 10:35:28.551590,Jackie,Calibration records details...
CalibrationRecord55,A43,Quaterly,2023-11-21 10:35:28.551590,2024-01-21 10:35:28.551590,Jackie,Calibration records details...
CalibrationRecord56,A127,Quaterly,2024-01-10 10:35:28.551590,2024-03-10 10:35:28.551590,Jackie,Calibration records details...
CalibrationRecord57,A77,Quaterly,2023-09-09 10:35:28.551590,2023-11-09 10:35:28.551590,Smith,Calibration records details...
CalibrationRecord58,A101,Quaterly,2024-04-20 10:35:28.551590,2024-06-20 10:35:28.551590,Snow,Calibration records details...
CalibrationRecord59,A6,Quaterly,2023-12-06 10:35:28.551590,2024-02-06 10:35:28.551590,Snow,Calibration records details...
CalibrationRecord60,A93,Quaterly,2023-05-16 10:35:28.551590,2023-07-16 10:35:28.551590,Jackie,Calibration records details...
CalibrationRecord61,A95,Quaterly,2024-02-07 10:35:28.551590,2024-04-07 10:35:28.551590,Smith,Calibration records details...
CalibrationRecord62,A114,Quaterly,2024-03-10 10:35:28.551590,2024-05-10 10:35:28.551590,Jackie,Calibration records details...
CalibrationRecord63,A104,Quaterly,2024-04-17 10:35:28.551590,2024-06-17 10:35:28.551590,Jackie,Calibration records details...
CalibrationRecord64,A37,Quaterly,2024-01-14 10:35:28.551590,2024-03-14 10:35:28.551590,Snow,Calibration records details...
CalibrationRecord65,A49,Quaterly,2024-03-15 10:35:28.551590,2024-05-15 10:35:28.551590,Jackie,Calibration records details...
CalibrationRecord66,A121,Quaterly,2023-11-21 10:35:28.551590,2024-01-21 10:35:28.551590,Snow,Calibration records details...
CalibrationRecord67,A118,Quaterly,2024-03-01 10:35:28.551590,2024-05-01 10:35:28.551590,Jackie,Calibration records details...
CalibrationRecord68,A88,Quaterly,2023-05-24 10:35:28.551590,2023-07-24 10:35:28.551590,Jackie,Calibration records details...
CalibrationRecord69,A102,Quaterly,2023-08-31 10:35:28.551590,2023-10-31 10:35:28.551590,Jackie,Calibration records details...
CalibrationRecord70,A66,Quaterly,2024-04-25 10:35:28.551590,2024-06-25 10:35:28.551590,Smith,Calibration records details...
CalibrationRecord71,A47,Quaterly,2023-07-27 10:35:28.551590,2023-09-27 10:35:28.551590,Smith,Calibration records details...
CalibrationRecord72,A113,Quaterly,2023-07-26 10:35:28.551590,2023-09-26 10:35:28.551590,Jackie,Calibration records details...
CalibrationRecord73,A57,Quaterly,2024-03-22 10:35:28.551590,2024-05-22 10:35:28.551590,Jackie,Calibration records details...
CalibrationRecord74,A103,Quaterly,2023-09-01 10:35:28.551590,2023-11-01 10:35:28.551590,Smith,Calibration records details...
CalibrationRecord75,A40,Quaterly,2023-07-20 10:35:28.551590,2023-09-20 10:35:28.551590,Jackie,Calibration records details...
CalibrationRecord76,A84,Quaterly,2023-12-15 10:35:28.551590,2024-02-15 10:35:28.551590,Jackie,Calibration records details...
CalibrationRecord77,A14,Quaterly,2023-06-01 10:35:28.551590,2023-08-01 10:35:28.551590,Snow,Calibration records details...
CalibrationRecord78,A11,Quaterly,2023-07-15 10:35:28.551590,2023-09-15 10:35:28.551590,Snow,Calibration records details...
CalibrationRecord79,A5,Quaterly,2023-09-26 10:35:28.551590,2023-11-26 10:35:28.551590,Jackie,Calibration records details...
CalibrationRecord80,A64,Quaterly,2024-04-24 10:35:28.551590,2024-06-24 10:35:28.551590,Smith,Calibration records details...
CalibrationRecord81,A128,Quaterly,2024-05-04 10:35:28.551590,2024-07-04 10:35:28.551590,Snow,Calibration records details...
CalibrationRecord82,A114,Quaterly,2024-01-22 10:35:28.551590,2024-03-22 10:35:28.551590,Smith,Calibration records details...
CalibrationRecord83,A81,Quaterly,2023-11-06 10:35:28.551590,2024-01-06 10:35:28.551590,Jackie,Calibration records details...
CalibrationRecord84,A79,Quaterly,2024-04-15 10:35:28.551590,2024-06-15 10:35:28.551590,Smith,Calibration records details...
CalibrationRecord85,A25,Quaterly,2024-01-24 10:35:28.551590,2024-03-24 10:35:28.551590,Smith,Calibration records details...
CalibrationRecord86,A43,Quaterly,2024-04-23 10:35:28.551590,2024-06-23 10:35:28.551590,Jackie,Calibration records details...
CalibrationRecord87,A108,Quaterly,2024-01-03 10:35:28.551590,2024-03-03 10:35:28.551590,Snow,Calibration records details...
CalibrationRecord88,A88,Quaterly,2024-05-02 10:35:28.551590,2024-07-02 10:35:28.551590,Smith,Calibration records details...
CalibrationRecord89,A16,Quaterly,2023-08-31 10:35:28.551590,2023-10-31 10:35:28.551590,Jackie,Calibration records details...
CalibrationRecord90,A85,Quaterly,2023-07-30 10:35:28.551590,2023-09-30 10:35:28.551590,Snow,Calibration records details...
CalibrationRecord91,A18,Quaterly,2023-10-03 10:35:28.551590,2023-12-03 10:35:28.551590,Smith,Calibration records details...
CalibrationRecord92,A38,Quaterly,2023-12-15 10:35:28.551590,2024-02-15 10:35:28.551590,Snow,Calibration records details...
CalibrationRecord93,A126,Quaterly,2024-04-02 10:35:28.551590,2024-06-02 10:35:28.551590,Snow,Calibration records details...
CalibrationRecord94,A106,Quaterly,2024-03-14 10:35:28.551590,2024-05-14 10:35:28.551590,Snow,Calibration records details...
CalibrationRecord95,A91,Quaterly,2023-12-18 10:35:28.551590,2024-02-18 10:35:28.551590,Snow,Calibration records details...
CalibrationRecord96,A16,Quaterly,2023-09-18 10:35:28.551590,2023-11-18 10:35:28.551590,Snow,Calibration records details...
CalibrationRecord97,A33,Quaterly,2023-10-29 10:35:28.551590,2023-12-29 10:35:28.551590,Smith,Calibration records details...
CalibrationRecord98,A113,Quaterly,2023-08-20 10:35:28.551590,2023-10-20 10:35:28.551590,Smith,Calibration records details...
CalibrationRecord99,A78,Quaterly,2023-10-07 10:35:28.551590,2023-12-07 10:35:28.551590,Jackie,Calibration records details...
CalibrationRecord100,A67,Quaterly,2024-01-16 10:35:28.551590,2024-03-16 10:35:28.551590,Jackie,Calibration records details...
CalibrationRecord101,A70,Quaterly,2024-01-07 10:35:28.551590,2024-03-07 10:35:28.551590,Smith,Calibration records details...
CalibrationRecord102,A47,Quaterly,2024-01-22 10:35:28.551590,2024-03-22 10:35:28.551590,Jackie,Calibration records details...
CalibrationRecord103,A3,Quaterly,2023-06-11 10:35:28.551590,2023-08-11 10:35:28.551590,Jackie,Calibration records details...
CalibrationRecord104,A38,Quaterly,2023-05-31 10:35:28.551590,2023-07-31 10:35:28.551590,Snow,Calibration records details...
CalibrationRecord105,A74,Quaterly,2024-02-06 10:35:28.551590,2024-04-06 10:35:28.551590,Smith,Calibration records details...
CalibrationRecord106,A36,Quaterly,2023-06-09 10:35:28.551590,2023-08-09 10:35:28.551590,Snow,Calibration records details...
CalibrationRecord107,A49,Quaterly,2023-11-29 10:35:28.551590,2024-01-29 10:35:28.551590,Jackie,Calibration records details...
CalibrationRecord108,A84,Quaterly,2024-03-24 10:35:28.551590,2024-05-24 10:35:28.551590,Jackie,Calibration records details...
CalibrationRecord109,A4,Quaterly,2024-05-12 10:35:28.551590,2024-07-12 10:35:28.551590,Snow,Calibration records details...
CalibrationRecord110,A39,Quaterly,2023-08-14 10:35:28.551590,2023-10-14 10:35:28.551590,Jackie,Calibration records details...
CalibrationRecord111,A17,Quaterly,2023-07-24 10:35:28.551590,2023-09-24 10:35:28.551590,Smith,Calibration records details...
CalibrationRecord112,A23,Quaterly,2023-07-17 10:35:28.551590,2023-09-17 10:35:28.551590,Smith,Calibration records details...
CalibrationRecord113,A124,Quaterly,2024-03-23 10:35:28.551590,2024-05-23 10:35:28.551590,Snow,Calibration records details...
CalibrationRecord114,A46,Quaterly,2023-05-23 10:35:28.551590,2023-07-23 10:35:28.551590,Jackie,Calibration records details...
CalibrationRecord115,A113,Quaterly,2023-05-17 10:35:28.551590,2023-07-17 10:35:28.551590,Jackie,Calibration records details...
CalibrationRecord116,A95,Quaterly,2023-12-03 10:35:28.551590,2024-02-03 10:35:28.551590,Snow,Calibration records details...
CalibrationRecord117,A39,Quaterly,2024-02-29 10:35:28.551590,2024-04-29 10:35:28.551590,Snow,Calibration records details...
CalibrationRecord118,A23,Quaterly,2023-08-18 10:35:28.551590,2023-10-18 10:35:28.551590,Jackie,Calibration records details...
CalibrationRecord119,A36,Quaterly,2024-02-19 10:35:28.551590,2024-04-19 10:35:28.551590,Smith,Calibration records details...
CalibrationRecord120,A35,Quaterly,2023-10-21 10:35:28.551590,2023-12-21 10:35:28.551590,Jackie,Calibration records details...
CalibrationRecord121,A74,Quaterly,2023-09-29 10:35:28.551590,2023-11-29 10:35:28.551590,Jackie,Calibration records details...
CalibrationRecord122,A98,Quaterly,2023-10-13 10:35:28.551590,2023-12-13 10:35:28.551590,Smith,Calibration records details...
CalibrationRecord123,A40,Quaterly,2023-12-25 10:35:28.551590,2024-02-25 10:35:28.551590,Jackie,Calibration records details...
CalibrationRecord124,A61,Quaterly,2023-06-18 10:35:28.551590,2023-08-18 10:35:28.551590,Jackie,Calibration records details...
CalibrationRecord125,A61,Quaterly,2024-01-11 10:35:28.551590,2024-03-11 10:35:28.551590,Jackie,Calibration records details...
CalibrationRecord126,A100,Quaterly,2023-12-01 10:35:28.551590,2024-02-01 10:35:28.551590,Snow,Calibration records details...
CalibrationRecord127,A51,Quaterly,2023-09-05 10:35:28.551590,2023-11-05 10:35:28.551590,Jackie,Calibration records details...
CalibrationRecord128,A28,Quaterly,2023-11-18 10:35:28.551590,2024-01-18 10:35:28.551590,Smith,Calibration records details...
CalibrationRecord129,A50,Quaterly,2024-01-03 10:35:28.551590,2024-03-03 10:35:28.551590,Smith,Calibration records details...
CalibrationRecord130,A23,Quaterly,2024-02-28 10:35:28.551590,2024-04-28 10:35:28.551590,Snow,Calibration records details...
